[
  {
    "inputs": [],
    "stateMutability": "payable",
    "type": "constructor"
  },
  {
    "anonymous": false,
    "inputs": [
      {
        "indexed": false,
        "internalType": "uint256",
        "name": "orderID",
        "type": "uint256"
      }
    ],
    "name": "eCreateOrder",
    "type": "event"
  },
  {
    "anonymous": false,
    "inputs": [
      {
        "indexed": false,
        "internalType": "uint256",
        "name": "id",
        "type": "uint256"
      },
      {
        "indexed": false,
        "internalType": "uint256",
        "name": "orderID",
        "type": "uint256"
      },
      {
        "indexed": false,
        "internalType": "address",
        "name": "userAddress",
        "type": "address"
      },
      {
        "indexed": false,
        "internalType": "string",
        "name": "firstName",
        "type": "string"
      },
      {
        "indexed": false,
        "internalType": "string",
        "name": "lastName",
        "type": "string"
      },
      {
        "indexed": false,
        "internalType": "string",
        "name": "email",
        "type": "string"
      },
      {
        "indexed": false,
        "internalType": "string",
        "name": "country",
        "type": "string"
      },
      {
        "indexed": false,
        "internalType": "string",
        "name": "city",
        "type": "string"
      },
      {
        "indexed": false,
        "internalType": "string",
        "name": "stateOrProvince",
        "type": "string"
      },
      {
        "indexed": false,
        "internalType": "string",
        "name": "postalCode",
        "type": "string"
      },
      {
        "indexed": false,
        "internalType": "string",
        "name": "phone",
        "type": "string"
      },
      {
        "indexed": false,
        "internalType": "string",
        "name": "addressDetail",
        "type": "string"
      }
    ],
    "name": "eCreateShipping",
    "type": "event"
  },
  {
    "anonymous": false,
    "inputs": [
      {
        "indexed": false,
        "internalType": "uint256",
        "name": "id",
        "type": "uint256"
      }
    ],
    "name": "eExecuteOrder",
    "type": "event"
  },
  {
    "inputs": [
      {
        "internalType": "bytes",
        "name": "callData",
        "type": "bytes"
      }
    ],
    "name": "CheckCallData",
    "outputs": [
      {
        "internalType": "bool",
        "name": "",
        "type": "bool"
      }
    ],
    "stateMutability": "view",
    "type": "function"
  },
  {
    "inputs": [
      {
        "internalType": "bytes32",
        "name": "orderCode",
        "type": "bytes32"
      }
    ],
    "name": "ConfirmPaymentForOrderCode",
    "outputs": [],
    "stateMutability": "nonpayable",
    "type": "function"
  },
  {
    "inputs": [],
    "name": "EcomInfo",
    "outputs": [
      {
        "internalType": "contract IEcomInfo",
        "name": "",
        "type": "address"
      }
    ],
    "stateMutability": "view",
    "type": "function"
  },
  {
    "inputs": [],
    "name": "EcomProduct",
    "outputs": [
      {
        "internalType": "contract IEcomProduct",
        "name": "",
        "type": "address"
      }
    ],
    "stateMutability": "view",
    "type": "function"
  },
  {
    "inputs": [],
    "name": "EcomUser",
    "outputs": [
      {
        "internalType": "contract IEcomUser",
        "name": "",
        "type": "address"
      }
    ],
    "stateMutability": "view",
    "type": "function"
  },
  {
    "inputs": [
      {
        "components": [
          {
            "internalType": "uint256",
            "name": "productID",
            "type": "uint256"
          },
          {
            "internalType": "uint256",
            "name": "quantity",
            "type": "uint256"
          },
          {
            "internalType": "bytes32",
            "name": "variantID",
            "type": "bytes32"
          },
          {
            "internalType": "uint256",
            "name": "cartItemId",
            "type": "uint256"
          },
          {
            "internalType": "string[]",
            "name": "discountCodes",
            "type": "string[]"
          }
        ],
        "internalType": "struct CreateOrderParams[]",
        "name": "params",
        "type": "tuple[]"
      },
      {
        "components": [
          {
            "internalType": "string",
            "name": "firstName",
            "type": "string"
          },
          {
            "internalType": "string",
            "name": "lastName",
            "type": "string"
          },
          {
            "internalType": "string",
            "name": "email",
            "type": "string"
          },
          {
            "internalType": "string",
            "name": "country",
            "type": "string"
          },
          {
            "internalType": "string",
            "name": "city",
            "type": "string"
          },
          {
            "internalType": "string",
            "name": "stateOrProvince",
            "type": "string"
          },
          {
            "internalType": "string",
            "name": "postalCode",
            "type": "string"
          },
          {
            "internalType": "string",
            "name": "phone",
            "type": "string"
          },
          {
            "internalType": "string",
            "name": "addressDetail",
            "type": "string"
          }
        ],
        "internalType": "struct ShippingParams",
        "name": "shippingParams",
        "type": "tuple"
      },
      {
        "components": [
          {
            "internalType": "uint256",
            "name": "totalPriceWithoutDiscount",
            "type": "uint256"
          },
          {
            "internalType": "bytes32",
            "name": "codeRef",
            "type": "bytes32"
          },
          {
            "internalType": "enum CheckoutType",
            "name": "checkoutType",
            "type": "uint8"
          },
          {
            "internalType": "enum PaymentType",
            "name": "paymentType",
            "type": "uint8"
          }
        ],
        "internalType": "struct orderDetails",
        "name": "details",
        "type": "tuple"
      }
    ],
    "name": "ExecuteOrder",
    "outputs": [
      {
        "internalType": "bytes32",
        "name": "",
        "type": "bytes32"
      }
    ],
    "stateMutability": "nonpayable",
    "type": "function"
  },
  {
    "inputs": [
      {
        "internalType": "uint256",
        "name": "_id",
        "type": "uint256"
      }
    ],
    "name": "GetOrderInfo",
    "outputs": [
      {
        "components": [
          {
            "components": [
              {
                "internalType": "uint256",
                "name": "productID",
                "type": "uint256"
              },
              {
                "internalType": "uint256",
                "name": "quantity",
                "type": "uint256"
              },
              {
                "internalType": "bytes32",
                "name": "variantID",
                "type": "bytes32"
              },
              {
                "internalType": "uint256",
                "name": "cartItemId",
                "type": "uint256"
              },
              {
                "internalType": "string[]",
                "name": "discountCodes",
                "type": "string[]"
              }
            ],
            "internalType": "struct CreateOrderParams[]",
            "name": "params",
            "type": "tuple[]"
          },
          {
            "components": [
              {
                "internalType": "string",
                "name": "firstName",
                "type": "string"
              },
              {
                "internalType": "string",
                "name": "lastName",
                "type": "string"
              },
              {
                "internalType": "string",
                "name": "email",
                "type": "string"
              },
              {
                "internalType": "string",
                "name": "country",
                "type": "string"
              },
              {
                "internalType": "string",
                "name": "city",
                "type": "string"
              },
              {
                "internalType": "string",
                "name": "stateOrProvince",
                "type": "string"
              },
              {
                "internalType": "string",
                "name": "postalCode",
                "type": "string"
              },
              {
                "internalType": "string",
                "name": "phone",
                "type": "string"
              },
              {
                "internalType": "string",
                "name": "addressDetail",
                "type": "string"
              }
            ],
            "internalType": "struct ShippingParams",
            "name": "shippingParams",
            "type": "tuple"
          },
          {
            "internalType": "address",
            "name": "user",
            "type": "address"
          },
          {
            "components": [
              {
                "internalType": "uint256",
                "name": "totalPriceWithoutDiscount",
                "type": "uint256"
              },
              {
                "internalType": "bytes32",
                "name": "codeRef",
                "type": "bytes32"
              },
              {
                "internalType": "enum CheckoutType",
                "name": "checkoutType",
                "type": "uint8"
              },
              {
                "internalType": "enum PaymentType",
                "name": "paymentType",
                "type": "uint8"
              }
            ],
            "internalType": "struct orderDetails",
            "name": "details",
            "type": "tuple"
          }
        ],
        "internalType": "struct DecodedParams",
        "name": "",
        "type": "tuple"
      }
    ],
    "stateMutability": "view",
    "type": "function"
  },
  {
    "inputs": [
      {
        "internalType": "bytes32",
        "name": "_orderCode",
        "type": "bytes32"
      }
    ],
    "name": "GetOrderInfoFromOrderCode",
    "outputs": [
      {
        "components": [
          {
            "internalType": "uint256",
            "name": "orderID",
            "type": "uint256"
          },
          {
            "internalType": "address",
            "name": "user",
            "type": "address"
          },
          {
            "internalType": "address",
            "name": "buyer",
            "type": "address"
          },
          {
            "internalType": "uint256",
            "name": "discountID",
            "type": "uint256"
          },
          {
            "internalType": "uint256[]",
            "name": "cartItemIds",
            "type": "uint256[]"
          },
          {
            "internalType": "uint256[]",
            "name": "productIds",
            "type": "uint256[]"
          },
          {
            "internalType": "bytes32[]",
            "name": "variantIds",
            "type": "bytes32[]"
          },
          {
            "internalType": "uint256[]",
            "name": "quantities",
            "type": "uint256[]"
          },
          {
            "internalType": "uint256[]",
            "name": "diffPrices",
            "type": "uint256[]"
          },
          {
            "internalType": "uint256[]",
            "name": "prices",
            "type": "uint256[]"
          },
          {
            "internalType": "uint256[]",
            "name": "rewards",
            "type": "uint256[]"
          },
          {
            "internalType": "uint256",
            "name": "totalPrice",
            "type": "uint256"
          },
          {
            "internalType": "uint8",
            "name": "checkoutType",
            "type": "uint8"
          },
          {
            "internalType": "uint8",
            "name": "orderStatus",
            "type": "uint8"
          },
          {
            "internalType": "bytes32",
            "name": "codeRef",
            "type": "bytes32"
          },
          {
            "internalType": "uint256",
            "name": "afterDiscountPrice",
            "type": "uint256"
          },
          {
            "internalType": "uint256",
            "name": "shippingPrice",
            "type": "uint256"
          },
          {
            "internalType": "uint8",
            "name": "paymentType",
            "type": "uint8"
          },
          {
            "internalType": "uint256",
            "name": "createdAt",
            "type": "uint256"
          }
        ],
        "internalType": "struct Order",
        "name": "res",
        "type": "tuple"
      }
    ],
    "stateMutability": "view",
    "type": "function"
  },
  {
    "inputs": [],
    "name": "MasterPool",
    "outputs": [
      {
        "internalType": "address",
        "name": "",
        "type": "address"
      }
    ],
    "stateMutability": "view",
    "type": "function"
  },
  {
    "inputs": [],
    "name": "POS",
    "outputs": [
      {
        "internalType": "address",
        "name": "",
        "type": "address"
      }
    ],
    "stateMutability": "view",
    "type": "function"
  },
  {
    "inputs": [
      {
        "internalType": "address",
        "name": "_ecomInfo",
        "type": "address"
      }
    ],
    "name": "SetEcomInfo",
    "outputs": [
      {
        "internalType": "bool",
        "name": "",
        "type": "bool"
      }
    ],
    "stateMutability": "nonpayable",
    "type": "function"
  },
  {
    "inputs": [
      {
        "internalType": "address",
        "name": "_ecomProduct",
        "type": "address"
      }
    ],
    "name": "SetEcomProduct",
    "outputs": [
      {
        "internalType": "bool",
        "name": "",
        "type": "bool"
      }
    ],
    "stateMutability": "nonpayable",
    "type": "function"
  },
  {
    "inputs": [
      {
        "internalType": "address",
        "name": "_ecomUser",
        "type": "address"
      }
    ],
    "name": "SetEcomUser",
    "outputs": [
      {
        "internalType": "bool",
        "name": "",
        "type": "bool"
      }
    ],
    "stateMutability": "nonpayable",
    "type": "function"
  },
  {
    "inputs": [
      {
        "internalType": "address",
        "name": "_masterPool",
        "type": "address"
      }
    ],
    "name": "SetMasterPool",
    "outputs": [
      {
        "internalType": "bool",
        "name": "",
        "type": "bool"
      }
    ],
    "stateMutability": "nonpayable",
    "type": "function"
  },
  {
    "inputs": [
      {
        "internalType": "address",
        "name": "_pos",
        "type": "address"
      }
    ],
    "name": "SetPos",
    "outputs": [
      {
        "internalType": "bool",
        "name": "",
        "type": "bool"
      }
    ],
    "stateMutability": "nonpayable",
    "type": "function"
  },
  {
    "inputs": [
      {
        "internalType": "address",
        "name": "_treecom",
        "type": "address"
      }
    ],
    "name": "SetTreeCom",
    "outputs": [
      {
        "internalType": "bool",
        "name": "",
        "type": "bool"
      }
    ],
    "stateMutability": "nonpayable",
    "type": "function"
  },
  {
    "inputs": [
      {
        "internalType": "address",
        "name": "_usdt",
        "type": "address"
      }
    ],
    "name": "SetUsdt",
    "outputs": [
      {
        "internalType": "bool",
        "name": "",
        "type": "bool"
      }
    ],
    "stateMutability": "nonpayable",
    "type": "function"
  },
  {
    "inputs": [],
    "name": "TreeCom",
    "outputs": [
      {
        "internalType": "contract ITreeCom",
        "name": "",
        "type": "address"
      }
    ],
    "stateMutability": "view",
    "type": "function"
  },
  {
    "inputs": [],
    "name": "USDT",
    "outputs": [
      {
        "internalType": "contract IERC20",
        "name": "",
        "type": "address"
      }
    ],
    "stateMutability": "view",
    "type": "function"
  },
  {
    "inputs": [
      {
        "internalType": "uint256",
        "name": "_productID",
        "type": "uint256"
      },
      {
        "internalType": "bytes32",
        "name": "_variantID",
        "type": "bytes32"
      },
      {
        "internalType": "uint256",
        "name": "_quantity",
        "type": "uint256"
      }
    ],
    "name": "addItemToCart",
    "outputs": [
      {
        "components": [
          {
            "internalType": "uint256",
            "name": "id",
            "type": "uint256"
          },
          {
            "internalType": "uint256",
            "name": "productID",
            "type": "uint256"
          },
          {
            "internalType": "uint256",
            "name": "quantity",
            "type": "uint256"
          },
          {
            "internalType": "bytes32",
            "name": "variantID",
            "type": "bytes32"
          },
          {
            "internalType": "uint256",
            "name": "createAt",
            "type": "uint256"
          }
        ],
        "internalType": "struct CartItem",
        "name": "",
        "type": "tuple"
      }
    ],
    "stateMutability": "nonpayable",
    "type": "function"
  },
  {
    "inputs": [
      {
        "components": [
          {
            "internalType": "uint256",
            "name": "_productID",
            "type": "uint256"
          },
          {
            "internalType": "bytes32",
            "name": "_variantID",
            "type": "bytes32"
          },
          {
            "internalType": "uint256",
            "name": "quantity",
            "type": "uint256"
          }
        ],
        "internalType": "struct AddItemToCartParams[]",
        "name": "params",
        "type": "tuple[]"
      }
    ],
    "name": "addItemsToCart",
    "outputs": [
      {
        "components": [
          {
            "internalType": "uint256",
            "name": "id",
            "type": "uint256"
          },
          {
            "internalType": "uint256",
            "name": "productID",
            "type": "uint256"
          },
          {
            "internalType": "uint256",
            "name": "quantity",
            "type": "uint256"
          },
          {
            "internalType": "bytes32",
            "name": "variantID",
            "type": "bytes32"
          },
          {
            "internalType": "uint256",
            "name": "createAt",
            "type": "uint256"
          }
        ],
        "internalType": "struct CartItem[]",
        "name": "_items",
        "type": "tuple[]"
      }
    ],
    "stateMutability": "nonpayable",
    "type": "function"
  },
  {
    "inputs": [
      {
        "components": [
          {
            "internalType": "uint256",
            "name": "id",
            "type": "uint256"
          },
          {
            "internalType": "uint256",
            "name": "productID",
            "type": "uint256"
          },
          {
            "internalType": "uint256",
            "name": "quantity",
            "type": "uint256"
          },
          {
            "internalType": "bytes32",
            "name": "variantID",
            "type": "bytes32"
          },
          {
            "internalType": "uint256",
            "name": "createAt",
            "type": "uint256"
          }
        ],
        "internalType": "struct CartItem",
        "name": "cartItem",
        "type": "tuple"
      }
    ],
    "name": "createCart",
    "outputs": [],
    "stateMutability": "nonpayable",
    "type": "function"
  },
  {
    "inputs": [
      {
        "components": [
          {
            "internalType": "uint256[]",
            "name": "quantities",
            "type": "uint256[]"
          },
          {
            "internalType": "uint256[]",
            "name": "productIds",
            "type": "uint256[]"
          },
          {
            "internalType": "bytes32[]",
            "name": "variantIds",
            "type": "bytes32[]"
          },
          {
            "internalType": "uint256[]",
            "name": "prices",
            "type": "uint256[]"
          },
          {
            "internalType": "uint256",
            "name": "parentOrderID",
            "type": "uint256"
          }
        ],
        "internalType": "struct ShareLinkParams[]",
        "name": "params",
        "type": "tuple[]"
      },
      {
        "internalType": "uint256",
        "name": "expiredTime",
        "type": "uint256"
      }
    ],
    "name": "createShareLink",
    "outputs": [
      {
        "internalType": "uint256",
        "name": "",
        "type": "uint256"
      }
    ],
    "stateMutability": "nonpayable",
    "type": "function"
  },
  {
    "inputs": [
      {
        "components": [
          {
            "internalType": "string",
            "name": "firstName",
            "type": "string"
          },
          {
            "internalType": "string",
            "name": "lastName",
            "type": "string"
          },
          {
            "internalType": "string",
            "name": "email",
            "type": "string"
          },
          {
            "internalType": "string",
            "name": "country",
            "type": "string"
          },
          {
            "internalType": "string",
            "name": "city",
            "type": "string"
          },
          {
            "internalType": "string",
            "name": "stateOrProvince",
            "type": "string"
          },
          {
            "internalType": "string",
            "name": "postalCode",
            "type": "string"
          },
          {
            "internalType": "string",
            "name": "phone",
            "type": "string"
          },
          {
            "internalType": "string",
            "name": "addressDetail",
            "type": "string"
          }
        ],
        "internalType": "struct ShippingParams",
        "name": "shippingParams",
        "type": "tuple"
      },
      {
        "internalType": "uint256",
        "name": "_orderID",
        "type": "uint256"
      },
      {
        "internalType": "address",
        "name": "user",
        "type": "address"
      }
    ],
    "name": "createShippingInfo",
    "outputs": [],
    "stateMutability": "nonpayable",
    "type": "function"
  },
  {
    "inputs": [
      {
        "internalType": "uint256",
        "name": "itemID",
        "type": "uint256"
      }
    ],
    "name": "deleteItemInCart",
    "outputs": [],
    "stateMutability": "nonpayable",
    "type": "function"
  },
  {
    "inputs": [
      {
        "internalType": "uint256[]",
        "name": "itemIds",
        "type": "uint256[]"
      }
    ],
    "name": "deleteItemsInCart",
    "outputs": [
      {
        "internalType": "bool",
        "name": "",
        "type": "bool"
      }
    ],
    "stateMutability": "nonpayable",
    "type": "function"
  },
  {
    "inputs": [
      {
        "internalType": "uint256[]",
        "name": "_shareLinkIds",
        "type": "uint256[]"
      }
    ],
    "name": "deleteMultipleShareLink",
    "outputs": [
      {
        "internalType": "bool",
        "name": "",
        "type": "bool"
      }
    ],
    "stateMutability": "nonpayable",
    "type": "function"
  },
  {
    "inputs": [
      {
        "internalType": "uint256",
        "name": "_shareLinkID",
        "type": "uint256"
      }
    ],
    "name": "deleteShareLink",
    "outputs": [
      {
        "internalType": "bool",
        "name": "",
        "type": "bool"
      }
    ],
    "stateMutability": "nonpayable",
    "type": "function"
  },
  {
    "inputs": [
      {
        "internalType": "uint256",
        "name": "code",
        "type": "uint256"
      },
      {
        "internalType": "string",
        "name": "message",
        "type": "string"
      }
    ],
    "name": "getErrorMessage",
    "outputs": [
      {
        "internalType": "string",
        "name": "",
        "type": "string"
      }
    ],
    "stateMutability": "pure",
    "type": "function"
  },
  {
    "inputs": [
      {
        "internalType": "uint256",
        "name": "_orderID",
        "type": "uint256"
      }
    ],
    "name": "getOrder",
    "outputs": [
      {
        "components": [
          {
            "internalType": "uint256",
            "name": "orderID",
            "type": "uint256"
          },
          {
            "internalType": "address",
            "name": "user",
            "type": "address"
          },
          {
            "internalType": "address",
            "name": "buyer",
            "type": "address"
          },
          {
            "internalType": "uint256",
            "name": "discountID",
            "type": "uint256"
          },
          {
            "internalType": "uint256[]",
            "name": "cartItemIds",
            "type": "uint256[]"
          },
          {
            "internalType": "uint256[]",
            "name": "productIds",
            "type": "uint256[]"
          },
          {
            "internalType": "bytes32[]",
            "name": "variantIds",
            "type": "bytes32[]"
          },
          {
            "internalType": "uint256[]",
            "name": "quantities",
            "type": "uint256[]"
          },
          {
            "internalType": "uint256[]",
            "name": "diffPrices",
            "type": "uint256[]"
          },
          {
            "internalType": "uint256[]",
            "name": "prices",
            "type": "uint256[]"
          },
          {
            "internalType": "uint256[]",
            "name": "rewards",
            "type": "uint256[]"
          },
          {
            "internalType": "uint256",
            "name": "totalPrice",
            "type": "uint256"
          },
          {
            "internalType": "uint8",
            "name": "checkoutType",
            "type": "uint8"
          },
          {
            "internalType": "uint8",
            "name": "orderStatus",
            "type": "uint8"
          },
          {
            "internalType": "bytes32",
            "name": "codeRef",
            "type": "bytes32"
          },
          {
            "internalType": "uint256",
            "name": "afterDiscountPrice",
            "type": "uint256"
          },
          {
            "internalType": "uint256",
            "name": "shippingPrice",
            "type": "uint256"
          },
          {
            "internalType": "uint8",
            "name": "paymentType",
            "type": "uint8"
          },
          {
            "internalType": "uint256",
            "name": "createdAt",
            "type": "uint256"
          }
        ],
        "internalType": "struct Order",
        "name": "",
        "type": "tuple"
      }
    ],
    "stateMutability": "view",
    "type": "function"
  },
  {
    "inputs": [
      {
        "internalType": "bytes32",
        "name": "orderCode",
        "type": "bytes32"
      }
    ],
    "name": "getOrderCode",
    "outputs": [
      {
        "internalType": "uint256",
        "name": "",
        "type": "uint256"
      }
    ],
    "stateMutability": "view",
    "type": "function"
  },
  {
    "inputs": [],
    "name": "getOrders",
    "outputs": [
      {
        "components": [
          {
            "internalType": "uint256",
            "name": "orderID",
            "type": "uint256"
          },
          {
            "internalType": "address",
            "name": "user",
            "type": "address"
          },
          {
            "internalType": "address",
            "name": "buyer",
            "type": "address"
          },
          {
            "internalType": "uint256",
            "name": "discountID",
            "type": "uint256"
          },
          {
            "internalType": "uint256[]",
            "name": "cartItemIds",
            "type": "uint256[]"
          },
          {
            "internalType": "uint256[]",
            "name": "productIds",
            "type": "uint256[]"
          },
          {
            "internalType": "bytes32[]",
            "name": "variantIds",
            "type": "bytes32[]"
          },
          {
            "internalType": "uint256[]",
            "name": "quantities",
            "type": "uint256[]"
          },
          {
            "internalType": "uint256[]",
            "name": "diffPrices",
            "type": "uint256[]"
          },
          {
            "internalType": "uint256[]",
            "name": "prices",
            "type": "uint256[]"
          },
          {
            "internalType": "uint256[]",
            "name": "rewards",
            "type": "uint256[]"
          },
          {
            "internalType": "uint256",
            "name": "totalPrice",
            "type": "uint256"
          },
          {
            "internalType": "uint8",
            "name": "checkoutType",
            "type": "uint8"
          },
          {
            "internalType": "uint8",
            "name": "orderStatus",
            "type": "uint8"
          },
          {
            "internalType": "bytes32",
            "name": "codeRef",
            "type": "bytes32"
          },
          {
            "internalType": "uint256",
            "name": "afterDiscountPrice",
            "type": "uint256"
          },
          {
            "internalType": "uint256",
            "name": "shippingPrice",
            "type": "uint256"
          },
          {
            "internalType": "uint8",
            "name": "paymentType",
            "type": "uint8"
          },
          {
            "internalType": "uint256",
            "name": "createdAt",
            "type": "uint256"
          }
        ],
        "internalType": "struct Order[]",
        "name": "res",
        "type": "tuple[]"
      }
    ],
    "stateMutability": "view",
    "type": "function"
  },
  {
    "inputs": [
      {
        "internalType": "uint256",
        "name": "_id",
        "type": "uint256"
      }
    ],
    "name": "getShareLink",
    "outputs": [
      {
        "components": [
          {
            "internalType": "uint256",
            "name": "ID",
            "type": "uint256"
          },
          {
            "components": [
              {
                "internalType": "uint256[]",
                "name": "quantities",
                "type": "uint256[]"
              },
              {
                "internalType": "uint256[]",
                "name": "productIds",
                "type": "uint256[]"
              },
              {
                "internalType": "bytes32[]",
                "name": "variantIds",
                "type": "bytes32[]"
              },
              {
                "internalType": "uint256[]",
                "name": "prices",
                "type": "uint256[]"
              },
              {
                "internalType": "uint256",
                "name": "parentOrderID",
                "type": "uint256"
              }
            ],
            "internalType": "struct ShareLinkParams[]",
            "name": "params",
            "type": "tuple[]"
          },
          {
            "internalType": "address",
            "name": "owner",
            "type": "address"
          },
          {
            "internalType": "bool",
            "name": "isExecuted",
            "type": "bool"
          },
          {
            "internalType": "uint256",
            "name": "expiredTime",
            "type": "uint256"
          }
        ],
        "internalType": "struct ShareLink",
        "name": "",
        "type": "tuple"
      }
    ],
    "stateMutability": "view",
    "type": "function"
  },
  {
    "inputs": [],
    "name": "getShareLinks",
    "outputs": [
      {
        "components": [
          {
            "internalType": "uint256",
            "name": "ID",
            "type": "uint256"
          },
          {
            "components": [
              {
                "internalType": "uint256[]",
                "name": "quantities",
                "type": "uint256[]"
              },
              {
                "internalType": "uint256[]",
                "name": "productIds",
                "type": "uint256[]"
              },
              {
                "internalType": "bytes32[]",
                "name": "variantIds",
                "type": "bytes32[]"
              },
              {
                "internalType": "uint256[]",
                "name": "prices",
                "type": "uint256[]"
              },
              {
                "internalType": "uint256",
                "name": "parentOrderID",
                "type": "uint256"
              }
            ],
            "internalType": "struct ShareLinkParams[]",
            "name": "params",
            "type": "tuple[]"
          },
          {
            "internalType": "address",
            "name": "owner",
            "type": "address"
          },
          {
            "internalType": "bool",
            "name": "isExecuted",
            "type": "bool"
          },
          {
            "internalType": "uint256",
            "name": "expiredTime",
            "type": "uint256"
          }
        ],
        "internalType": "struct ShareLink[]",
        "name": "",
        "type": "tuple[]"
      }
    ],
    "stateMutability": "view",
    "type": "function"
  },
  {
    "inputs": [
      {
        "internalType": "uint256",
        "name": "_orderID",
        "type": "uint256"
      }
    ],
    "name": "getShippingInfoByOrderID",
    "outputs": [
      {
        "components": [
          {
            "internalType": "uint256",
            "name": "id",
            "type": "uint256"
          },
          {
            "internalType": "uint256",
            "name": "orderID",
            "type": "uint256"
          },
          {
            "internalType": "address",
            "name": "userAddress",
            "type": "address"
          },
          {
            "components": [
              {
                "internalType": "string",
                "name": "firstName",
                "type": "string"
              },
              {
                "internalType": "string",
                "name": "lastName",
                "type": "string"
              },
              {
                "internalType": "string",
                "name": "email",
                "type": "string"
              },
              {
                "internalType": "string",
                "name": "country",
                "type": "string"
              },
              {
                "internalType": "string",
                "name": "city",
                "type": "string"
              },
              {
                "internalType": "string",
                "name": "stateOrProvince",
                "type": "string"
              },
              {
                "internalType": "string",
                "name": "postalCode",
                "type": "string"
              },
              {
                "internalType": "string",
                "name": "phone",
                "type": "string"
              },
              {
                "internalType": "string",
                "name": "addressDetail",
                "type": "string"
              }
            ],
            "internalType": "struct ShippingParams",
            "name": "params",
            "type": "tuple"
          }
        ],
        "internalType": "struct ShippingInfo",
        "name": "",
        "type": "tuple"
      }
    ],
    "stateMutability": "view",
    "type": "function"
  },
  {
    "inputs": [],
    "name": "getUserCart",
    "outputs": [
      {
        "components": [
          {
            "internalType": "uint256",
            "name": "id",
            "type": "uint256"
          },
          {
            "internalType": "address",
            "name": "owner",
            "type": "address"
          },
          {
            "components": [
              {
                "internalType": "uint256",
                "name": "id",
                "type": "uint256"
              },
              {
                "internalType": "uint256",
                "name": "productID",
                "type": "uint256"
              },
              {
                "internalType": "uint256",
                "name": "quantity",
                "type": "uint256"
              },
              {
                "internalType": "bytes32",
                "name": "variantID",
                "type": "bytes32"
              },
              {
                "internalType": "uint256",
                "name": "createAt",
                "type": "uint256"
              }
            ],
            "internalType": "struct CartItem[]",
            "name": "items",
            "type": "tuple[]"
          }
        ],
        "internalType": "struct Cart",
        "name": "",
        "type": "tuple"
      }
    ],
    "stateMutability": "view",
    "type": "function"
  },
  {
    "inputs": [
      {
        "internalType": "address",
        "name": "_user",
        "type": "address"
      }
    ],
    "name": "getUserCartInfo",
    "outputs": [
      {
        "components": [
          {
            "internalType": "uint256",
            "name": "id",
            "type": "uint256"
          },
          {
            "internalType": "address",
            "name": "owner",
            "type": "address"
          },
          {
            "components": [
              {
                "internalType": "uint256",
                "name": "id",
                "type": "uint256"
              },
              {
                "internalType": "uint256",
                "name": "productID",
                "type": "uint256"
              },
              {
                "internalType": "uint256",
                "name": "quantity",
                "type": "uint256"
              },
              {
                "internalType": "bytes32",
                "name": "variantID",
                "type": "bytes32"
              },
              {
                "internalType": "uint256",
                "name": "createAt",
                "type": "uint256"
              }
            ],
            "internalType": "struct CartItem[]",
            "name": "items",
            "type": "tuple[]"
          }
        ],
        "internalType": "struct Cart",
        "name": "",
        "type": "tuple"
      }
    ],
    "stateMutability": "view",
    "type": "function"
  },
  {
    "inputs": [
      {
        "internalType": "address",
        "name": "_user",
        "type": "address"
      }
    ],
    "name": "getUserOrders",
    "outputs": [
      {
        "components": [
          {
            "internalType": "uint256",
            "name": "orderID",
            "type": "uint256"
          },
          {
            "internalType": "address",
            "name": "user",
            "type": "address"
          },
          {
            "internalType": "address",
            "name": "buyer",
            "type": "address"
          },
          {
            "internalType": "uint256",
            "name": "discountID",
            "type": "uint256"
          },
          {
            "internalType": "uint256[]",
            "name": "cartItemIds",
            "type": "uint256[]"
          },
          {
            "internalType": "uint256[]",
            "name": "productIds",
            "type": "uint256[]"
          },
          {
            "internalType": "bytes32[]",
            "name": "variantIds",
            "type": "bytes32[]"
          },
          {
            "internalType": "uint256[]",
            "name": "quantities",
            "type": "uint256[]"
          },
          {
            "internalType": "uint256[]",
            "name": "diffPrices",
            "type": "uint256[]"
          },
          {
            "internalType": "uint256[]",
            "name": "prices",
            "type": "uint256[]"
          },
          {
            "internalType": "uint256[]",
            "name": "rewards",
            "type": "uint256[]"
          },
          {
            "internalType": "uint256",
            "name": "totalPrice",
            "type": "uint256"
          },
          {
            "internalType": "uint8",
            "name": "checkoutType",
            "type": "uint8"
          },
          {
            "internalType": "uint8",
            "name": "orderStatus",
            "type": "uint8"
          },
          {
            "internalType": "bytes32",
            "name": "codeRef",
            "type": "bytes32"
          },
          {
            "internalType": "uint256",
            "name": "afterDiscountPrice",
            "type": "uint256"
          },
          {
            "internalType": "uint256",
            "name": "shippingPrice",
            "type": "uint256"
          },
          {
            "internalType": "uint8",
            "name": "paymentType",
            "type": "uint8"
          },
          {
            "internalType": "uint256",
            "name": "createdAt",
            "type": "uint256"
          }
        ],
        "internalType": "struct Order[]",
        "name": "res",
        "type": "tuple[]"
      }
    ],
    "stateMutability": "view",
    "type": "function"
  },
  {
    "inputs": [
      {
        "internalType": "address",
        "name": "_user",
        "type": "address"
      }
    ],
    "name": "getUserShareLinks",
    "outputs": [
      {
        "components": [
          {
            "internalType": "uint256",
            "name": "ID",
            "type": "uint256"
          },
          {
            "components": [
              {
                "internalType": "uint256[]",
                "name": "quantities",
                "type": "uint256[]"
              },
              {
                "internalType": "uint256[]",
                "name": "productIds",
                "type": "uint256[]"
              },
              {
                "internalType": "bytes32[]",
                "name": "variantIds",
                "type": "bytes32[]"
              },
              {
                "internalType": "uint256[]",
                "name": "prices",
                "type": "uint256[]"
              },
              {
                "internalType": "uint256",
                "name": "parentOrderID",
                "type": "uint256"
              }
            ],
            "internalType": "struct ShareLinkParams[]",
            "name": "params",
            "type": "tuple[]"
          },
          {
            "internalType": "address",
            "name": "owner",
            "type": "address"
          },
          {
            "internalType": "bool",
            "name": "isExecuted",
            "type": "bool"
          },
          {
            "internalType": "uint256",
            "name": "expiredTime",
            "type": "uint256"
          }
        ],
        "internalType": "struct ShareLink[]",
        "name": "",
        "type": "tuple[]"
      }
    ],
    "stateMutability": "view",
    "type": "function"
  },
  {
    "inputs": [
      {
        "internalType": "uint256",
        "name": "",
        "type": "uint256"
      }
    ],
    "name": "mOrder",
    "outputs": [
      {
        "internalType": "uint256",
        "name": "orderID",
        "type": "uint256"
      },
      {
        "internalType": "address",
        "name": "user",
        "type": "address"
      },
      {
        "internalType": "address",
        "name": "buyer",
        "type": "address"
      },
      {
        "internalType": "uint256",
        "name": "discountID",
        "type": "uint256"
      },
      {
        "internalType": "uint256",
        "name": "totalPrice",
        "type": "uint256"
      },
      {
        "internalType": "uint8",
        "name": "checkoutType",
        "type": "uint8"
      },
      {
        "internalType": "uint8",
        "name": "orderStatus",
        "type": "uint8"
      },
      {
        "internalType": "bytes32",
        "name": "codeRef",
        "type": "bytes32"
      },
      {
        "internalType": "uint256",
        "name": "afterDiscountPrice",
        "type": "uint256"
      },
      {
        "internalType": "uint256",
        "name": "shippingPrice",
        "type": "uint256"
      },
      {
        "internalType": "uint8",
        "name": "paymentType",
        "type": "uint8"
      },
      {
        "internalType": "uint256",
        "name": "createdAt",
        "type": "uint256"
      }
    ],
    "stateMutability": "view",
    "type": "function"
  },
  {
    "inputs": [
      {
        "internalType": "uint256",
        "name": "",
        "type": "uint256"
      }
    ],
    "name": "mOrderInfo",
    "outputs": [
      {
        "components": [
          {
            "internalType": "string",
            "name": "firstName",
            "type": "string"
          },
          {
            "internalType": "string",
            "name": "lastName",
            "type": "string"
          },
          {
            "internalType": "string",
            "name": "email",
            "type": "string"
          },
          {
            "internalType": "string",
            "name": "country",
            "type": "string"
          },
          {
            "internalType": "string",
            "name": "city",
            "type": "string"
          },
          {
            "internalType": "string",
            "name": "stateOrProvince",
            "type": "string"
          },
          {
            "internalType": "string",
            "name": "postalCode",
            "type": "string"
          },
          {
            "internalType": "string",
            "name": "phone",
            "type": "string"
          },
          {
            "internalType": "string",
            "name": "addressDetail",
            "type": "string"
          }
        ],
        "internalType": "struct ShippingParams",
        "name": "shippingParams",
        "type": "tuple"
      },
      {
        "internalType": "address",
        "name": "user",
        "type": "address"
      },
      {
        "components": [
          {
            "internalType": "uint256",
            "name": "totalPriceWithoutDiscount",
            "type": "uint256"
          },
          {
            "internalType": "bytes32",
            "name": "codeRef",
            "type": "bytes32"
          },
          {
            "internalType": "enum CheckoutType",
            "name": "checkoutType",
            "type": "uint8"
          },
          {
            "internalType": "enum PaymentType",
            "name": "paymentType",
            "type": "uint8"
          }
        ],
        "internalType": "struct orderDetails",
        "name": "details",
        "type": "tuple"
      }
    ],
    "stateMutability": "view",
    "type": "function"
  },
  {
    "inputs": [
      {
        "internalType": "address",
        "name": "",
        "type": "address"
      },
      {
        "internalType": "uint256",
        "name": "",
        "type": "uint256"
      }
    ],
    "name": "mOrders",
    "outputs": [
      {
        "internalType": "uint256",
        "name": "",
        "type": "uint256"
      }
    ],
    "stateMutability": "view",
    "type": "function"
  },
  {
    "inputs": [
      {
        "internalType": "uint256",
        "name": "",
        "type": "uint256"
      }
    ],
    "name": "mShareLink",
    "outputs": [
      {
        "internalType": "uint256",
        "name": "ID",
        "type": "uint256"
      },
      {
        "internalType": "address",
        "name": "owner",
        "type": "address"
      },
      {
        "internalType": "bool",
        "name": "isExecuted",
        "type": "bool"
      },
      {
        "internalType": "uint256",
        "name": "expiredTime",
        "type": "uint256"
      }
    ],
    "stateMutability": "view",
    "type": "function"
  },
  {
    "inputs": [
      {
        "internalType": "uint256",
        "name": "",
        "type": "uint256"
      }
    ],
    "name": "mShippingInfo",
    "outputs": [
      {
        "internalType": "uint256",
        "name": "id",
        "type": "uint256"
      },
      {
        "internalType": "uint256",
        "name": "orderID",
        "type": "uint256"
      },
      {
        "internalType": "address",
        "name": "userAddress",
        "type": "address"
      },
      {
        "components": [
          {
            "internalType": "string",
            "name": "firstName",
            "type": "string"
          },
          {
            "internalType": "string",
            "name": "lastName",
            "type": "string"
          },
          {
            "internalType": "string",
            "name": "email",
            "type": "string"
          },
          {
            "internalType": "string",
            "name": "country",
            "type": "string"
          },
          {
            "internalType": "string",
            "name": "city",
            "type": "string"
          },
          {
            "internalType": "string",
            "name": "stateOrProvince",
            "type": "string"
          },
          {
            "internalType": "string",
            "name": "postalCode",
            "type": "string"
          },
          {
            "internalType": "string",
            "name": "phone",
            "type": "string"
          },
          {
            "internalType": "string",
            "name": "addressDetail",
            "type": "string"
          }
        ],
        "internalType": "struct ShippingParams",
        "name": "params",
        "type": "tuple"
      }
    ],
    "stateMutability": "view",
    "type": "function"
  },
  {
    "inputs": [
      {
        "internalType": "address",
        "name": "",
        "type": "address"
      },
      {
        "internalType": "uint256",
        "name": "",
        "type": "uint256"
      }
    ],
    "name": "mShippingInfoByAddress",
    "outputs": [
      {
        "internalType": "uint256",
        "name": "",
        "type": "uint256"
      }
    ],
    "stateMutability": "view",
    "type": "function"
  },
  {
    "inputs": [
      {
        "internalType": "uint256",
        "name": "",
        "type": "uint256"
      }
    ],
    "name": "mShippingInfoByOrder",
    "outputs": [
      {
        "internalType": "uint256",
        "name": "",
        "type": "uint256"
      }
    ],
    "stateMutability": "view",
    "type": "function"
  },
  {
    "inputs": [
      {
        "internalType": "address",
        "name": "",
        "type": "address"
      }
    ],
    "name": "mUserCart",
    "outputs": [
      {
        "internalType": "uint256",
        "name": "id",
        "type": "uint256"
      },
      {
        "internalType": "address",
        "name": "owner",
        "type": "address"
      }
    ],
    "stateMutability": "view",
    "type": "function"
  },
  {
    "inputs": [
      {
        "internalType": "address",
        "name": "",
        "type": "address"
      },
      {
        "internalType": "uint256",
        "name": "",
        "type": "uint256"
      }
    ],
    "name": "mUserShareLink",
    "outputs": [
      {
        "internalType": "uint256",
        "name": "",
        "type": "uint256"
      }
    ],
    "stateMutability": "view",
    "type": "function"
  },
  {
    "inputs": [],
    "name": "owner",
    "outputs": [
      {
        "internalType": "address",
        "name": "",
        "type": "address"
      }
    ],
    "stateMutability": "view",
    "type": "function"
  },
  {
    "inputs": [
      {
        "internalType": "uint256",
        "name": "itemID",
        "type": "uint256"
      },
      {
        "internalType": "uint256",
        "name": "quantity",
        "type": "uint256"
      }
    ],
    "name": "updateItemInCart",
    "outputs": [
      {
        "components": [
          {
            "internalType": "uint256",
            "name": "id",
            "type": "uint256"
          },
          {
            "internalType": "uint256",
            "name": "productID",
            "type": "uint256"
          },
          {
            "internalType": "uint256",
            "name": "quantity",
            "type": "uint256"
          },
          {
            "internalType": "bytes32",
            "name": "variantID",
            "type": "bytes32"
          },
          {
            "internalType": "uint256",
            "name": "createAt",
            "type": "uint256"
          }
        ],
        "internalType": "struct CartItem",
        "name": "_item",
        "type": "tuple"
      }
    ],
    "stateMutability": "nonpayable",
    "type": "function"
  },
  {
    "inputs": [
      {
        "components": [
          {
            "internalType": "uint256",
            "name": "itemID",
            "type": "uint256"
          },
          {
            "internalType": "uint256",
            "name": "quantity",
            "type": "uint256"
          }
        ],
        "internalType": "struct UpdateItemsToCartParams[]",
        "name": "params",
        "type": "tuple[]"
      }
    ],
    "name": "updateItemsToCart",
    "outputs": [
      {
        "components": [
          {
            "internalType": "uint256",
            "name": "id",
            "type": "uint256"
          },
          {
            "internalType": "uint256",
            "name": "productID",
            "type": "uint256"
          },
          {
            "internalType": "uint256",
            "name": "quantity",
            "type": "uint256"
          },
          {
            "internalType": "bytes32",
            "name": "variantID",
            "type": "bytes32"
          },
          {
            "internalType": "uint256",
            "name": "createAt",
            "type": "uint256"
          }
        ],
        "internalType": "struct CartItem[]",
        "name": "_items",
        "type": "tuple[]"
      }
    ],
    "stateMutability": "nonpayable",
    "type": "function"
  },
  {
    "inputs": [
      {
        "internalType": "uint256",
        "name": "_shareLinkID",
        "type": "uint256"
      },
      {
        "components": [
          {
            "internalType": "uint256[]",
            "name": "quantities",
            "type": "uint256[]"
          },
          {
            "internalType": "uint256[]",
            "name": "productIds",
            "type": "uint256[]"
          },
          {
            "internalType": "bytes32[]",
            "name": "variantIds",
            "type": "bytes32[]"
          },
          {
            "internalType": "uint256[]",
            "name": "prices",
            "type": "uint256[]"
          },
          {
            "internalType": "uint256",
            "name": "parentOrderID",
            "type": "uint256"
          }
        ],
        "internalType": "struct ShareLinkParams[]",
        "name": "params",
        "type": "tuple[]"
      },
      {
        "internalType": "uint256",
        "name": "expiredTime",
        "type": "uint256"
      }
    ],
    "name": "updateShareLink",
    "outputs": [
      {
        "internalType": "bool",
        "name": "",
        "type": "bool"
      }
    ],
    "stateMutability": "nonpayable",
    "type": "function"
  }
]
