[
  {
    "inputs": [],
    "stateMutability": "payable",
    "type": "constructor"
  },
  {
    "inputs": [],
    "name": "EcomOrder",
    "outputs": [
      {
        "internalType": "contract IEcomOrder",
        "name": "",
        "type": "address"
      }
    ],
    "stateMutability": "view",
    "type": "function"
  },
  {
    "inputs": [],
    "name": "EcomProduct",
    "outputs": [
      {
        "internalType": "contract IEcomProduct",
        "name": "",
        "type": "address"
      }
    ],
    "stateMutability": "view",
    "type": "function"
  },
  {
    "inputs": [],
    "name": "EcomUser",
    "outputs": [
      {
        "internalType": "contract IEcomUser",
        "name": "",
        "type": "address"
      }
    ],
    "stateMutability": "view",
    "type": "function"
  },
  {
    "inputs": [
      {
        "internalType": "address",
        "name": "_ecomOrder",
        "type": "address"
      }
    ],
    "name": "SetEcomOrder",
    "outputs": [
      {
        "internalType": "bool",
        "name": "",
        "type": "bool"
      }
    ],
    "stateMutability": "nonpayable",
    "type": "function"
  },
  {
    "inputs": [
      {
        "internalType": "address",
        "name": "_ecomProduct",
        "type": "address"
      }
    ],
    "name": "SetEcomProduct",
    "outputs": [
      {
        "internalType": "bool",
        "name": "",
        "type": "bool"
      }
    ],
    "stateMutability": "nonpayable",
    "type": "function"
  },
  {
    "inputs": [
      {
        "internalType": "address",
        "name": "_ecomUser",
        "type": "address"
      }
    ],
    "name": "SetEcomUser",
    "outputs": [
      {
        "internalType": "bool",
        "name": "",
        "type": "bool"
      }
    ],
    "stateMutability": "nonpayable",
    "type": "function"
  },
  {
    "inputs": [
      {
        "internalType": "uint256",
        "name": "",
        "type": "uint256"
      }
    ],
    "name": "admins",
    "outputs": [
      {
        "internalType": "address",
        "name": "",
        "type": "address"
      }
    ],
    "stateMutability": "view",
    "type": "function"
  },
  {
    "inputs": [
      {
        "internalType": "uint256",
        "name": "",
        "type": "uint256"
      }
    ],
    "name": "bestSellers",
    "outputs": [
      {
        "internalType": "uint256",
        "name": "productID",
        "type": "uint256"
      },
      {
        "internalType": "uint256",
        "name": "sold",
        "type": "uint256"
      },
      {
        "internalType": "uint256",
        "name": "timestamp",
        "type": "uint256"
      }
    ],
    "stateMutability": "view",
    "type": "function"
  },
  {
    "inputs": [
      {
        "components": [
          {
            "internalType": "string",
            "name": "orderID",
            "type": "string"
          },
          {
            "internalType": "uint8",
            "name": "trackType",
            "type": "uint8"
          },
          {
            "internalType": "address",
            "name": "customer",
            "type": "address"
          },
          {
            "internalType": "uint256[]",
            "name": "productIds",
            "type": "uint256[]"
          },
          {
            "internalType": "uint256[]",
            "name": "quantities",
            "type": "uint256[]"
          }
        ],
        "internalType": "struct createListTrackUserParams",
        "name": "params",
        "type": "tuple"
      }
    ],
    "name": "createListTrackUser",
    "outputs": [],
    "stateMutability": "nonpayable",
    "type": "function"
  },
  {
    "inputs": [
      {
        "internalType": "address",
        "name": "_retailer",
        "type": "address"
      }
    ],
    "name": "decreaseTotalAddedToCart",
    "outputs": [],
    "stateMutability": "nonpayable",
    "type": "function"
  },
  {
    "inputs": [],
    "name": "decreaseTotalCommentAndFaq",
    "outputs": [],
    "stateMutability": "nonpayable",
    "type": "function"
  },
  {
    "inputs": [
      {
        "internalType": "address",
        "name": "_retailer",
        "type": "address"
      }
    ],
    "name": "decreaseTotalFavorite",
    "outputs": [],
    "stateMutability": "nonpayable",
    "type": "function"
  },
  {
    "inputs": [
      {
        "internalType": "string",
        "name": "_orderID",
        "type": "string"
      }
    ],
    "name": "deleteListTrackUser",
    "outputs": [],
    "stateMutability": "nonpayable",
    "type": "function"
  },
  {
    "inputs": [],
    "name": "getBestSeller",
    "outputs": [
      {
        "components": [
          {
            "internalType": "uint256",
            "name": "productID",
            "type": "uint256"
          },
          {
            "internalType": "uint256",
            "name": "sold",
            "type": "uint256"
          },
          {
            "internalType": "uint256",
            "name": "timestamp",
            "type": "uint256"
          }
        ],
        "internalType": "struct BestSeller[]",
        "name": "",
        "type": "tuple[]"
      }
    ],
    "stateMutability": "view",
    "type": "function"
  },
  {
    "inputs": [
      {
        "internalType": "uint256",
        "name": "code",
        "type": "uint256"
      },
      {
        "internalType": "string",
        "name": "message",
        "type": "string"
      }
    ],
    "name": "getErrorMessage",
    "outputs": [
      {
        "internalType": "string",
        "name": "",
        "type": "string"
      }
    ],
    "stateMutability": "pure",
    "type": "function"
  },
  {
    "inputs": [],
    "name": "getListTrackAdmin",
    "outputs": [
      {
        "components": [
          {
            "internalType": "string",
            "name": "orderID",
            "type": "string"
          },
          {
            "internalType": "uint8",
            "name": "trackType",
            "type": "uint8"
          },
          {
            "internalType": "address",
            "name": "customer",
            "type": "address"
          },
          {
            "internalType": "bytes",
            "name": "retailerName",
            "type": "bytes"
          },
          {
            "internalType": "uint256",
            "name": "timestamp",
            "type": "uint256"
          },
          {
            "internalType": "uint256[]",
            "name": "productIds",
            "type": "uint256[]"
          },
          {
            "internalType": "uint256[]",
            "name": "quantities",
            "type": "uint256[]"
          }
        ],
        "internalType": "struct ListTrackUser[]",
        "name": "_listTracks",
        "type": "tuple[]"
      },
      {
        "internalType": "uint256",
        "name": "_favorites",
        "type": "uint256"
      },
      {
        "internalType": "uint256",
        "name": "_addedToCarts",
        "type": "uint256"
      },
      {
        "components": [
          {
            "internalType": "address",
            "name": "customer",
            "type": "address"
          },
          {
            "internalType": "uint8",
            "name": "activityType",
            "type": "uint8"
          },
          {
            "internalType": "uint256[]",
            "name": "productIds",
            "type": "uint256[]"
          },
          {
            "internalType": "uint256[]",
            "name": "quantities",
            "type": "uint256[]"
          },
          {
            "internalType": "uint256[]",
            "name": "addedAt",
            "type": "uint256[]"
          }
        ],
        "internalType": "struct AddedToCartAndWishList[]",
        "name": "_totalCartWishList",
        "type": "tuple[]"
      },
      {
        "internalType": "uint256[]",
        "name": "_systemPurchases",
        "type": "uint256[]"
      }
    ],
    "stateMutability": "view",
    "type": "function"
  },
  {
    "inputs": [],
    "name": "getListTrackRetailer",
    "outputs": [
      {
        "components": [
          {
            "internalType": "string",
            "name": "orderID",
            "type": "string"
          },
          {
            "internalType": "uint8",
            "name": "trackType",
            "type": "uint8"
          },
          {
            "internalType": "address",
            "name": "customer",
            "type": "address"
          },
          {
            "internalType": "bytes",
            "name": "retailerName",
            "type": "bytes"
          },
          {
            "internalType": "uint256",
            "name": "timestamp",
            "type": "uint256"
          },
          {
            "internalType": "uint256[]",
            "name": "productIds",
            "type": "uint256[]"
          },
          {
            "internalType": "uint256[]",
            "name": "quantities",
            "type": "uint256[]"
          }
        ],
        "internalType": "struct ListTrackUser[]",
        "name": "_listTracks",
        "type": "tuple[]"
      },
      {
        "internalType": "uint256",
        "name": "_favorites",
        "type": "uint256"
      },
      {
        "internalType": "uint256",
        "name": "_addedToCarts",
        "type": "uint256"
      },
      {
        "components": [
          {
            "internalType": "address",
            "name": "customer",
            "type": "address"
          },
          {
            "internalType": "uint8",
            "name": "activityType",
            "type": "uint8"
          },
          {
            "internalType": "uint256[]",
            "name": "productIds",
            "type": "uint256[]"
          },
          {
            "internalType": "uint256[]",
            "name": "quantities",
            "type": "uint256[]"
          },
          {
            "internalType": "uint256[]",
            "name": "addedAt",
            "type": "uint256[]"
          }
        ],
        "internalType": "struct AddedToCartAndWishList[]",
        "name": "_totalCartWishList",
        "type": "tuple[]"
      }
    ],
    "stateMutability": "view",
    "type": "function"
  },
  {
    "inputs": [],
    "name": "getListTrackUser",
    "outputs": [
      {
        "components": [
          {
            "internalType": "string",
            "name": "orderID",
            "type": "string"
          },
          {
            "internalType": "uint8",
            "name": "trackType",
            "type": "uint8"
          },
          {
            "internalType": "address",
            "name": "customer",
            "type": "address"
          },
          {
            "internalType": "bytes",
            "name": "retailerName",
            "type": "bytes"
          },
          {
            "internalType": "uint256",
            "name": "timestamp",
            "type": "uint256"
          },
          {
            "internalType": "uint256[]",
            "name": "productIds",
            "type": "uint256[]"
          },
          {
            "internalType": "uint256[]",
            "name": "quantities",
            "type": "uint256[]"
          }
        ],
        "internalType": "struct ListTrackUser[]",
        "name": "",
        "type": "tuple[]"
      }
    ],
    "stateMutability": "view",
    "type": "function"
  },
  {
    "inputs": [],
    "name": "getListTrackUserActivityRetailer",
    "outputs": [
      {
        "components": [
          {
            "internalType": "address",
            "name": "customer",
            "type": "address"
          },
          {
            "internalType": "uint8",
            "name": "activityType",
            "type": "uint8"
          },
          {
            "internalType": "uint256[]",
            "name": "productIds",
            "type": "uint256[]"
          },
          {
            "internalType": "uint256[]",
            "name": "quantities",
            "type": "uint256[]"
          },
          {
            "internalType": "uint256[]",
            "name": "addedAt",
            "type": "uint256[]"
          }
        ],
        "internalType": "struct AddedToCartAndWishList[]",
        "name": "",
        "type": "tuple[]"
      }
    ],
    "stateMutability": "view",
    "type": "function"
  },
  {
    "inputs": [],
    "name": "getListTrackUserActivitySystem",
    "outputs": [
      {
        "components": [
          {
            "internalType": "address",
            "name": "customer",
            "type": "address"
          },
          {
            "internalType": "uint8",
            "name": "activityType",
            "type": "uint8"
          },
          {
            "internalType": "uint256[]",
            "name": "productIds",
            "type": "uint256[]"
          },
          {
            "internalType": "uint256[]",
            "name": "quantities",
            "type": "uint256[]"
          },
          {
            "internalType": "uint256[]",
            "name": "addedAt",
            "type": "uint256[]"
          }
        ],
        "internalType": "struct AddedToCartAndWishList[]",
        "name": "",
        "type": "tuple[]"
      }
    ],
    "stateMutability": "view",
    "type": "function"
  },
  {
    "inputs": [],
    "name": "getListTrackUserRetailer",
    "outputs": [
      {
        "components": [
          {
            "internalType": "string",
            "name": "orderID",
            "type": "string"
          },
          {
            "internalType": "uint8",
            "name": "trackType",
            "type": "uint8"
          },
          {
            "internalType": "address",
            "name": "customer",
            "type": "address"
          },
          {
            "internalType": "bytes",
            "name": "retailerName",
            "type": "bytes"
          },
          {
            "internalType": "uint256",
            "name": "timestamp",
            "type": "uint256"
          },
          {
            "internalType": "uint256[]",
            "name": "productIds",
            "type": "uint256[]"
          },
          {
            "internalType": "uint256[]",
            "name": "quantities",
            "type": "uint256[]"
          }
        ],
        "internalType": "struct ListTrackUser[]",
        "name": "",
        "type": "tuple[]"
      }
    ],
    "stateMutability": "view",
    "type": "function"
  },
  {
    "inputs": [],
    "name": "getOrderHistoryDetail",
    "outputs": [
      {
        "components": [
          {
            "internalType": "uint256",
            "name": "orderID",
            "type": "uint256"
          },
          {
            "internalType": "address",
            "name": "user",
            "type": "address"
          },
          {
            "internalType": "address",
            "name": "buyer",
            "type": "address"
          },
          {
            "internalType": "uint256",
            "name": "discountID",
            "type": "uint256"
          },
          {
            "internalType": "uint256[]",
            "name": "cartItemIds",
            "type": "uint256[]"
          },
          {
            "internalType": "uint256[]",
            "name": "productIds",
            "type": "uint256[]"
          },
          {
            "internalType": "bytes32[]",
            "name": "variantIds",
            "type": "bytes32[]"
          },
          {
            "internalType": "uint256[]",
            "name": "quantities",
            "type": "uint256[]"
          },
          {
            "internalType": "uint256[]",
            "name": "diffPrices",
            "type": "uint256[]"
          },
          {
            "internalType": "uint256[]",
            "name": "prices",
            "type": "uint256[]"
          },
          {
            "internalType": "uint256[]",
            "name": "rewards",
            "type": "uint256[]"
          },
          {
            "internalType": "uint256",
            "name": "totalPrice",
            "type": "uint256"
          },
          {
            "internalType": "uint8",
            "name": "checkoutType",
            "type": "uint8"
          },
          {
            "internalType": "uint8",
            "name": "orderStatus",
            "type": "uint8"
          },
          {
            "internalType": "bytes32",
            "name": "codeRef",
            "type": "bytes32"
          },
          {
            "internalType": "uint256",
            "name": "afterDiscountPrice",
            "type": "uint256"
          },
          {
            "internalType": "uint256",
            "name": "shippingPrice",
            "type": "uint256"
          },
          {
            "internalType": "uint8",
            "name": "paymentType",
            "type": "uint8"
          },
          {
            "internalType": "uint256",
            "name": "createdAt",
            "type": "uint256"
          }
        ],
        "internalType": "struct Order[]",
        "name": "_orders",
        "type": "tuple[]"
      },
      {
        "components": [
          {
            "internalType": "uint8",
            "name": "paymentType",
            "type": "uint8"
          },
          {
            "internalType": "uint256",
            "name": "totalPayment",
            "type": "uint256"
          },
          {
            "internalType": "address",
            "name": "buyer",
            "type": "address"
          }
        ],
        "internalType": "struct PaymentHistory[]",
        "name": "_payments",
        "type": "tuple[]"
      },
      {
        "components": [
          {
            "internalType": "uint256",
            "name": "productID",
            "type": "uint256"
          },
          {
            "internalType": "uint256",
            "name": "buyAt",
            "type": "uint256"
          }
        ],
        "internalType": "struct Purchase[]",
        "name": "_purchases",
        "type": "tuple[]"
      }
    ],
    "stateMutability": "view",
    "type": "function"
  },
  {
    "inputs": [
      {
        "internalType": "uint256",
        "name": "_productID",
        "type": "uint256"
      }
    ],
    "name": "getProductPurchaseTrend",
    "outputs": [
      {
        "internalType": "uint256[]",
        "name": "",
        "type": "uint256[]"
      }
    ],
    "stateMutability": "view",
    "type": "function"
  },
  {
    "inputs": [
      {
        "internalType": "uint256",
        "name": "_productID",
        "type": "uint256"
      }
    ],
    "name": "getProductTrend",
    "outputs": [
      {
        "internalType": "uint256[]",
        "name": "",
        "type": "uint256[]"
      }
    ],
    "stateMutability": "view",
    "type": "function"
  },
  {
    "inputs": [],
    "name": "getRecentPurchases",
    "outputs": [
      {
        "components": [
          {
            "internalType": "uint256",
            "name": "productID",
            "type": "uint256"
          },
          {
            "internalType": "uint256",
            "name": "buyAt",
            "type": "uint256"
          }
        ],
        "internalType": "struct Purchase[]",
        "name": "",
        "type": "tuple[]"
      }
    ],
    "stateMutability": "view",
    "type": "function"
  },
  {
    "inputs": [],
    "name": "getRetailerAddedToCart",
    "outputs": [
      {
        "internalType": "uint256",
        "name": "",
        "type": "uint256"
      }
    ],
    "stateMutability": "view",
    "type": "function"
  },
  {
    "inputs": [],
    "name": "getRetailerFavorite",
    "outputs": [
      {
        "internalType": "uint256",
        "name": "",
        "type": "uint256"
      }
    ],
    "stateMutability": "view",
    "type": "function"
  },
  {
    "inputs": [],
    "name": "getSystemAddedToCart",
    "outputs": [
      {
        "internalType": "uint256",
        "name": "",
        "type": "uint256"
      }
    ],
    "stateMutability": "view",
    "type": "function"
  },
  {
    "inputs": [],
    "name": "getSystemFavorite",
    "outputs": [
      {
        "internalType": "uint256",
        "name": "",
        "type": "uint256"
      }
    ],
    "stateMutability": "view",
    "type": "function"
  },
  {
    "inputs": [],
    "name": "getSystemInfo",
    "outputs": [
      {
        "internalType": "uint256",
        "name": "totalVistors",
        "type": "uint256"
      },
      {
        "internalType": "uint256",
        "name": "totalCfs",
        "type": "uint256"
      },
      {
        "internalType": "uint256",
        "name": "totalShares",
        "type": "uint256"
      }
    ],
    "stateMutability": "view",
    "type": "function"
  },
  {
    "inputs": [],
    "name": "getSystemProductPurchase",
    "outputs": [
      {
        "internalType": "uint256[]",
        "name": "",
        "type": "uint256[]"
      }
    ],
    "stateMutability": "view",
    "type": "function"
  },
  {
    "inputs": [],
    "name": "getTotalProductViewCount",
    "outputs": [
      {
        "internalType": "uint256[]",
        "name": "_productIds",
        "type": "uint256[]"
      },
      {
        "internalType": "uint256[]",
        "name": "_productCount",
        "type": "uint256[]"
      },
      {
        "internalType": "uint256[]",
        "name": "_time",
        "type": "uint256[]"
      }
    ],
    "stateMutability": "view",
    "type": "function"
  },
  {
    "inputs": [
      {
        "internalType": "address",
        "name": "_user",
        "type": "address"
      }
    ],
    "name": "getUserPurchaseInfo",
    "outputs": [
      {
        "components": [
          {
            "internalType": "uint256",
            "name": "orderID",
            "type": "uint256"
          },
          {
            "internalType": "address",
            "name": "user",
            "type": "address"
          },
          {
            "internalType": "address",
            "name": "buyer",
            "type": "address"
          },
          {
            "internalType": "uint256",
            "name": "discountID",
            "type": "uint256"
          },
          {
            "internalType": "uint256[]",
            "name": "cartItemIds",
            "type": "uint256[]"
          },
          {
            "internalType": "uint256[]",
            "name": "productIds",
            "type": "uint256[]"
          },
          {
            "internalType": "bytes32[]",
            "name": "variantIds",
            "type": "bytes32[]"
          },
          {
            "internalType": "uint256[]",
            "name": "quantities",
            "type": "uint256[]"
          },
          {
            "internalType": "uint256[]",
            "name": "diffPrices",
            "type": "uint256[]"
          },
          {
            "internalType": "uint256[]",
            "name": "prices",
            "type": "uint256[]"
          },
          {
            "internalType": "uint256[]",
            "name": "rewards",
            "type": "uint256[]"
          },
          {
            "internalType": "uint256",
            "name": "totalPrice",
            "type": "uint256"
          },
          {
            "internalType": "uint8",
            "name": "checkoutType",
            "type": "uint8"
          },
          {
            "internalType": "uint8",
            "name": "orderStatus",
            "type": "uint8"
          },
          {
            "internalType": "bytes32",
            "name": "codeRef",
            "type": "bytes32"
          },
          {
            "internalType": "uint256",
            "name": "afterDiscountPrice",
            "type": "uint256"
          },
          {
            "internalType": "uint256",
            "name": "shippingPrice",
            "type": "uint256"
          },
          {
            "internalType": "uint8",
            "name": "paymentType",
            "type": "uint8"
          },
          {
            "internalType": "uint256",
            "name": "createdAt",
            "type": "uint256"
          }
        ],
        "internalType": "struct Order[]",
        "name": "_orders",
        "type": "tuple[]"
      },
      {
        "components": [
          {
            "internalType": "uint256",
            "name": "id",
            "type": "uint256"
          },
          {
            "internalType": "address",
            "name": "owner",
            "type": "address"
          },
          {
            "components": [
              {
                "internalType": "uint256",
                "name": "id",
                "type": "uint256"
              },
              {
                "internalType": "uint256",
                "name": "productID",
                "type": "uint256"
              },
              {
                "internalType": "uint256",
                "name": "quantity",
                "type": "uint256"
              },
              {
                "internalType": "bytes32",
                "name": "variantID",
                "type": "bytes32"
              },
              {
                "internalType": "uint256",
                "name": "createAt",
                "type": "uint256"
              }
            ],
            "internalType": "struct CartItem[]",
            "name": "items",
            "type": "tuple[]"
          }
        ],
        "internalType": "struct Cart",
        "name": "_cart",
        "type": "tuple"
      },
      {
        "components": [
          {
            "internalType": "uint256",
            "name": "productID",
            "type": "uint256"
          },
          {
            "internalType": "uint256",
            "name": "createdAt",
            "type": "uint256"
          }
        ],
        "internalType": "struct Favorite[]",
        "name": "_productIds",
        "type": "tuple[]"
      }
    ],
    "stateMutability": "view",
    "type": "function"
  },
  {
    "inputs": [
      {
        "internalType": "uint256",
        "name": "_productID",
        "type": "uint256"
      }
    ],
    "name": "increaseBestSeller",
    "outputs": [],
    "stateMutability": "nonpayable",
    "type": "function"
  },
  {
    "inputs": [
      {
        "internalType": "string",
        "name": "_country",
        "type": "string"
      },
      {
        "components": [
          {
            "internalType": "uint256",
            "name": "productID",
            "type": "uint256"
          },
          {
            "internalType": "uint256",
            "name": "buyAt",
            "type": "uint256"
          }
        ],
        "internalType": "struct Purchase",
        "name": "_purchase",
        "type": "tuple"
      }
    ],
    "name": "increaseCountryPurchases",
    "outputs": [],
    "stateMutability": "nonpayable",
    "type": "function"
  },
  {
    "inputs": [
      {
        "internalType": "uint256",
        "name": "_productID",
        "type": "uint256"
      }
    ],
    "name": "increaseProductPurchaseTrend",
    "outputs": [],
    "stateMutability": "nonpayable",
    "type": "function"
  },
  {
    "inputs": [
      {
        "internalType": "address",
        "name": "user",
        "type": "address"
      },
      {
        "internalType": "uint256",
        "name": "_productID",
        "type": "uint256"
      }
    ],
    "name": "increasePurchases",
    "outputs": [],
    "stateMutability": "nonpayable",
    "type": "function"
  },
  {
    "inputs": [
      {
        "internalType": "address",
        "name": "_retailer",
        "type": "address"
      }
    ],
    "name": "increaseTotalAddedToCart",
    "outputs": [],
    "stateMutability": "nonpayable",
    "type": "function"
  },
  {
    "inputs": [],
    "name": "increaseTotalCommentAndFaq",
    "outputs": [],
    "stateMutability": "nonpayable",
    "type": "function"
  },
  {
    "inputs": [
      {
        "internalType": "address",
        "name": "_retailer",
        "type": "address"
      }
    ],
    "name": "increaseTotalFavorite",
    "outputs": [],
    "stateMutability": "nonpayable",
    "type": "function"
  },
  {
    "inputs": [
      {
        "internalType": "address",
        "name": "",
        "type": "address"
      },
      {
        "internalType": "uint256",
        "name": "",
        "type": "uint256"
      }
    ],
    "name": "listTrackUserActivityRetailer",
    "outputs": [
      {
        "internalType": "address",
        "name": "customer",
        "type": "address"
      },
      {
        "internalType": "uint8",
        "name": "activityType",
        "type": "uint8"
      }
    ],
    "stateMutability": "view",
    "type": "function"
  },
  {
    "inputs": [
      {
        "internalType": "uint256",
        "name": "",
        "type": "uint256"
      }
    ],
    "name": "listTrackUserActivitySystem",
    "outputs": [
      {
        "internalType": "address",
        "name": "customer",
        "type": "address"
      },
      {
        "internalType": "uint8",
        "name": "activityType",
        "type": "uint8"
      }
    ],
    "stateMutability": "view",
    "type": "function"
  },
  {
    "inputs": [
      {
        "internalType": "uint256",
        "name": "",
        "type": "uint256"
      }
    ],
    "name": "listTrackUserSystem",
    "outputs": [
      {
        "internalType": "string",
        "name": "orderID",
        "type": "string"
      },
      {
        "internalType": "uint8",
        "name": "trackType",
        "type": "uint8"
      },
      {
        "internalType": "address",
        "name": "customer",
        "type": "address"
      },
      {
        "internalType": "bytes",
        "name": "retailerName",
        "type": "bytes"
      },
      {
        "internalType": "uint256",
        "name": "timestamp",
        "type": "uint256"
      }
    ],
    "stateMutability": "view",
    "type": "function"
  },
  {
    "inputs": [
      {
        "internalType": "address",
        "name": "",
        "type": "address"
      }
    ],
    "name": "mAdmin",
    "outputs": [
      {
        "internalType": "bool",
        "name": "",
        "type": "bool"
      }
    ],
    "stateMutability": "view",
    "type": "function"
  },
  {
    "inputs": [
      {
        "internalType": "string",
        "name": "",
        "type": "string"
      },
      {
        "internalType": "uint256",
        "name": "",
        "type": "uint256"
      }
    ],
    "name": "mCountryPurchases",
    "outputs": [
      {
        "internalType": "uint256",
        "name": "productID",
        "type": "uint256"
      },
      {
        "internalType": "uint256",
        "name": "buyAt",
        "type": "uint256"
      }
    ],
    "stateMutability": "view",
    "type": "function"
  },
  {
    "inputs": [
      {
        "internalType": "address",
        "name": "",
        "type": "address"
      },
      {
        "internalType": "uint256",
        "name": "",
        "type": "uint256"
      }
    ],
    "name": "mListTrackUserRetailer",
    "outputs": [
      {
        "internalType": "string",
        "name": "orderID",
        "type": "string"
      },
      {
        "internalType": "uint8",
        "name": "trackType",
        "type": "uint8"
      },
      {
        "internalType": "address",
        "name": "customer",
        "type": "address"
      },
      {
        "internalType": "bytes",
        "name": "retailerName",
        "type": "bytes"
      },
      {
        "internalType": "uint256",
        "name": "timestamp",
        "type": "uint256"
      }
    ],
    "stateMutability": "view",
    "type": "function"
  },
  {
    "inputs": [
      {
        "internalType": "uint256",
        "name": "",
        "type": "uint256"
      },
      {
        "internalType": "uint256",
        "name": "",
        "type": "uint256"
      }
    ],
    "name": "mProductPurchaseTrend",
    "outputs": [
      {
        "internalType": "uint256",
        "name": "",
        "type": "uint256"
      }
    ],
    "stateMutability": "view",
    "type": "function"
  },
  {
    "inputs": [
      {
        "internalType": "uint256",
        "name": "",
        "type": "uint256"
      },
      {
        "internalType": "uint256",
        "name": "",
        "type": "uint256"
      }
    ],
    "name": "mProductSearchTrend",
    "outputs": [
      {
        "internalType": "uint256",
        "name": "",
        "type": "uint256"
      }
    ],
    "stateMutability": "view",
    "type": "function"
  },
  {
    "inputs": [
      {
        "internalType": "uint256",
        "name": "",
        "type": "uint256"
      }
    ],
    "name": "mProductViewCount",
    "outputs": [
      {
        "internalType": "uint256",
        "name": "",
        "type": "uint256"
      }
    ],
    "stateMutability": "view",
    "type": "function"
  },
  {
    "inputs": [
      {
        "internalType": "address",
        "name": "",
        "type": "address"
      },
      {
        "internalType": "uint256",
        "name": "",
        "type": "uint256"
      }
    ],
    "name": "mPurchases",
    "outputs": [
      {
        "internalType": "uint256",
        "name": "productID",
        "type": "uint256"
      },
      {
        "internalType": "uint256",
        "name": "buyAt",
        "type": "uint256"
      }
    ],
    "stateMutability": "view",
    "type": "function"
  },
  {
    "inputs": [],
    "name": "owner",
    "outputs": [
      {
        "internalType": "address",
        "name": "",
        "type": "address"
      }
    ],
    "stateMutability": "view",
    "type": "function"
  },
  {
    "inputs": [
      {
        "internalType": "address",
        "name": "user",
        "type": "address"
      },
      {
        "internalType": "uint256",
        "name": "_productID",
        "type": "uint256"
      },
      {
        "internalType": "address",
        "name": "retailer",
        "type": "address"
      },
      {
        "internalType": "bool",
        "name": "isSystem",
        "type": "bool"
      }
    ],
    "name": "removeUserActivity",
    "outputs": [],
    "stateMutability": "nonpayable",
    "type": "function"
  },
  {
    "inputs": [
      {
        "internalType": "address",
        "name": "user",
        "type": "address"
      }
    ],
    "name": "setAdmin",
    "outputs": [
      {
        "internalType": "bool",
        "name": "",
        "type": "bool"
      }
    ],
    "stateMutability": "nonpayable",
    "type": "function"
  },
  {
    "inputs": [
      {
        "internalType": "uint256",
        "name": "",
        "type": "uint256"
      }
    ],
    "name": "systemPurchases",
    "outputs": [
      {
        "internalType": "uint256",
        "name": "",
        "type": "uint256"
      }
    ],
    "stateMutability": "view",
    "type": "function"
  },
  {
    "inputs": [],
    "name": "totalCommentAndFAQ",
    "outputs": [
      {
        "internalType": "uint256",
        "name": "",
        "type": "uint256"
      }
    ],
    "stateMutability": "view",
    "type": "function"
  },
  {
    "inputs": [
      {
        "internalType": "address",
        "name": "",
        "type": "address"
      }
    ],
    "name": "totalRetailerAddedToCart",
    "outputs": [
      {
        "internalType": "uint256",
        "name": "",
        "type": "uint256"
      }
    ],
    "stateMutability": "view",
    "type": "function"
  },
  {
    "inputs": [
      {
        "internalType": "address",
        "name": "",
        "type": "address"
      }
    ],
    "name": "totalRetailerFavorite",
    "outputs": [
      {
        "internalType": "uint256",
        "name": "",
        "type": "uint256"
      }
    ],
    "stateMutability": "view",
    "type": "function"
  },
  {
    "inputs": [],
    "name": "totalSystemAddedToCart",
    "outputs": [
      {
        "internalType": "uint256",
        "name": "",
        "type": "uint256"
      }
    ],
    "stateMutability": "view",
    "type": "function"
  },
  {
    "inputs": [],
    "name": "totalSystemFavorite",
    "outputs": [
      {
        "internalType": "uint256",
        "name": "",
        "type": "uint256"
      }
    ],
    "stateMutability": "view",
    "type": "function"
  },
  {
    "inputs": [],
    "name": "totalSystemProductShare",
    "outputs": [
      {
        "internalType": "uint256",
        "name": "",
        "type": "uint256"
      }
    ],
    "stateMutability": "view",
    "type": "function"
  },
  {
    "inputs": [],
    "name": "totalSystemPurchasePrice",
    "outputs": [
      {
        "internalType": "uint256",
        "name": "",
        "type": "uint256"
      }
    ],
    "stateMutability": "view",
    "type": "function"
  },
  {
    "inputs": [],
    "name": "totalSystemVisitors",
    "outputs": [
      {
        "internalType": "uint256",
        "name": "",
        "type": "uint256"
      }
    ],
    "stateMutability": "view",
    "type": "function"
  },
  {
    "inputs": [
      {
        "internalType": "address",
        "name": "user",
        "type": "address"
      },
      {
        "internalType": "uint256",
        "name": "_productID",
        "type": "uint256"
      },
      {
        "internalType": "uint256",
        "name": "quantity",
        "type": "uint256"
      },
      {
        "internalType": "address",
        "name": "retailer",
        "type": "address"
      },
      {
        "internalType": "enum TrackActivityType",
        "name": "activityType",
        "type": "uint8"
      },
      {
        "internalType": "bool",
        "name": "isSystem",
        "type": "bool"
      }
    ],
    "name": "trackUserActivity",
    "outputs": [],
    "stateMutability": "nonpayable",
    "type": "function"
  },
  {
    "inputs": [],
    "name": "updateProductShare",
    "outputs": [],
    "stateMutability": "nonpayable",
    "type": "function"
  },
  {
    "inputs": [
      {
        "internalType": "uint256",
        "name": "_productID",
        "type": "uint256"
      }
    ],
    "name": "updateViewCount",
    "outputs": [],
    "stateMutability": "nonpayable",
    "type": "function"
  },
  {
    "inputs": [],
    "name": "updateWebsiteVisitors",
    "outputs": [],
    "stateMutability": "nonpayable",
    "type": "function"
  }
]
