{"nm":"Ã¥ÂÂÃ¦ÂÂ 1","ddd":0,"h":500,"w":1000,"meta":{"g":"@lottiefiles/toolkit-js 0.33.2"},"layers":[{"ty":4,"nm":"Ã¥Â½Â¢Ã§ÂÂ¶Ã¥ÂÂ¾Ã¥Â±Â 3","sr":1,"st":0,"op":375,"ip":0,"hd":false,"ddd":0,"bm":0,"hasMask":false,"ao":0,"ks":{"a":{"a":0,"k":[-302,4,0]},"s":{"a":1,"k":[{"o":{"x":0.167,"y":0.167},"i":{"x":0.833,"y":0.833},"s":[100,100,100],"t":6},{"o":{"x":0.167,"y":0.167},"i":{"x":0.833,"y":0.833},"s":[130,130,100],"t":16},{"s":[100,100,100],"t":23}]},"sk":{"a":0,"k":0},"p":{"a":0,"k":[800,254,0]},"r":{"a":0,"k":0},"sa":{"a":0,"k":0},"o":{"a":1,"k":[{"o":{"x":0.167,"y":0.167},"i":{"x":0.833,"y":0.833},"s":[50],"t":6},{"o":{"x":0.167,"y":0.167},"i":{"x":0.833,"y":0.833},"s":[100],"t":16},{"s":[50],"t":23}]}},"ef":[],"shapes":[{"ty":"gr","bm":0,"hd":false,"mn":"ADBE Vector Group","nm":"Ã¦Â¤Â­Ã¥ÂÂ 1","ix":1,"cix":2,"np":3,"it":[{"ty":"el","bm":0,"hd":false,"mn":"ADBE Vector Shape - Ellipse","nm":"Ã¦Â¤Â­Ã¥ÂÂÃ¨Â·Â¯Ã¥Â¾Â 1","d":1,"p":{"a":0,"k":[0,0]},"s":{"a":0,"k":[164.477,164.477]}},{"ty":"fl","bm":0,"hd":false,"mn":"ADBE Vector Graphic - Fill","nm":"Ã¥Â¡Â«Ã¥ÂÂ 1","c":{"a":0,"k":[1,1,1]},"r":1,"o":{"a":0,"k":100}},{"ty":"tr","a":{"a":0,"k":[0,0],"ix":1},"s":{"a":0,"k":[100,100],"ix":3},"sk":{"a":0,"k":0,"ix":4},"p":{"a":0,"k":[-304,4.629],"ix":2},"r":{"a":0,"k":0,"ix":6},"sa":{"a":0,"k":0,"ix":5},"o":{"a":0,"k":100,"ix":7}}]}],"ind":1},{"ty":4,"nm":"Ã¥Â½Â¢Ã§ÂÂ¶Ã¥ÂÂ¾Ã¥Â±Â 2","sr":1,"st":0,"op":375,"ip":0,"hd":false,"ddd":0,"bm":0,"hasMask":false,"ao":0,"ks":{"a":{"a":0,"k":[-303,5,0]},"s":{"a":1,"k":[{"o":{"x":0.167,"y":0.167},"i":{"x":0.833,"y":0.833},"s":[100,100,100],"t":3},{"o":{"x":0.167,"y":0.167},"i":{"x":0.833,"y":0.833},"s":[130,130,100],"t":13},{"s":[100,100,100],"t":20}]},"sk":{"a":0,"k":0},"p":{"a":0,"k":[501,255,0]},"r":{"a":0,"k":0},"sa":{"a":0,"k":0},"o":{"a":1,"k":[{"o":{"x":0.167,"y":0.167},"i":{"x":0.833,"y":0.833},"s":[50],"t":3},{"o":{"x":0.167,"y":0.167},"i":{"x":0.833,"y":0.833},"s":[100],"t":13},{"s":[50],"t":20}]}},"ef":[],"shapes":[{"ty":"gr","bm":0,"hd":false,"mn":"ADBE Vector Group","nm":"Ã¦Â¤Â­Ã¥ÂÂ 1","ix":1,"cix":2,"np":3,"it":[{"ty":"el","bm":0,"hd":false,"mn":"ADBE Vector Shape - Ellipse","nm":"Ã¦Â¤Â­Ã¥ÂÂÃ¨Â·Â¯Ã¥Â¾Â 1","d":1,"p":{"a":0,"k":[0,0]},"s":{"a":0,"k":[164.477,164.477]}},{"ty":"fl","bm":0,"hd":false,"mn":"ADBE Vector Graphic - Fill","nm":"Ã¥Â¡Â«Ã¥ÂÂ 1","c":{"a":0,"k":[1,1,1]},"r":1,"o":{"a":0,"k":100}},{"ty":"tr","a":{"a":0,"k":[0,0],"ix":1},"s":{"a":0,"k":[100,100],"ix":3},"sk":{"a":0,"k":0,"ix":4},"p":{"a":0,"k":[-304,4.629],"ix":2},"r":{"a":0,"k":0,"ix":6},"sa":{"a":0,"k":0,"ix":5},"o":{"a":0,"k":100,"ix":7}}]}],"ind":2},{"ty":4,"nm":"Ã¥Â½Â¢Ã§ÂÂ¶Ã¥ÂÂ¾Ã¥Â±Â 1","sr":1,"st":0,"op":375,"ip":0,"hd":false,"ddd":0,"bm":0,"hasMask":false,"ao":0,"ks":{"a":{"a":0,"k":[-303,3,0]},"s":{"a":1,"k":[{"o":{"x":0.167,"y":0.167},"i":{"x":0.833,"y":0.833},"s":[100,100,100],"t":0},{"o":{"x":0.167,"y":0.167},"i":{"x":0.833,"y":0.833},"s":[130,130,100],"t":10},{"s":[100,100,100],"t":17}]},"sk":{"a":0,"k":0},"p":{"a":0,"k":[197,253,0]},"r":{"a":0,"k":0},"sa":{"a":0,"k":0},"o":{"a":1,"k":[{"o":{"x":0.167,"y":0.167},"i":{"x":0.833,"y":0.833},"s":[50],"t":0},{"o":{"x":0.167,"y":0.167},"i":{"x":0.833,"y":0.833},"s":[100],"t":10},{"s":[50],"t":17}]}},"ef":[],"shapes":[{"ty":"gr","bm":0,"hd":false,"mn":"ADBE Vector Group","nm":"Ã¦Â¤Â­Ã¥ÂÂ 1","ix":1,"cix":2,"np":3,"it":[{"ty":"el","bm":0,"hd":false,"mn":"ADBE Vector Shape - Ellipse","nm":"Ã¦Â¤Â­Ã¥ÂÂÃ¨Â·Â¯Ã¥Â¾Â 1","d":1,"p":{"a":0,"k":[0,0]},"s":{"a":0,"k":[164.477,164.477]}},{"ty":"fl","bm":0,"hd":false,"mn":"ADBE Vector Graphic - Fill","nm":"Ã¥Â¡Â«Ã¥ÂÂ 1","c":{"a":0,"k":[1,1,1]},"r":1,"o":{"a":0,"k":100}},{"ty":"tr","a":{"a":0,"k":[0,0],"ix":1},"s":{"a":0,"k":[100,100],"ix":3},"sk":{"a":0,"k":0,"ix":4},"p":{"a":0,"k":[-304,4.629],"ix":2},"r":{"a":0,"k":0,"ix":6},"sa":{"a":0,"k":0,"ix":5},"o":{"a":0,"k":100,"ix":7}}]}],"ind":3}],"v":"4.8.0","fr":25,"op":28,"ip":0,"assets":[]}