{"nm":"checkanimation","ddd":0,"h":800,"w":800,"meta":{"g":"LottieFiles AE 0.1.20","tc":"#ffffff"},"layers":[{"ty":4,"nm":"exclamation Outlines","sr":1,"st":0,"op":724.999937249057,"ip":0,"hd":false,"ddd":0,"bm":0,"hasMask":false,"ao":0,"ks":{"a":{"a":0,"k":[76,344,0],"ix":1},"s":{"a":0,"k":[42.106,42.106,100],"ix":6},"sk":{"a":0,"k":0},"p":{"a":0,"k":[400,394,0],"ix":2},"r":{"a":0,"k":0,"ix":10},"sa":{"a":0,"k":0},"o":{"a":0,"k":100,"ix":11}},"ef":[],"shapes":[{"ty":"gr","bm":0,"hd":false,"mn":"ADBE Vector Group","nm":"Group 1","ix":1,"cix":2,"np":6,"it":[{"ty":"sh","bm":0,"hd":false,"mn":"ADBE Vector Shape - Group","nm":"Path 1","ix":1,"d":1,"ks":{"a":0,"k":{"c":true,"i":[[0,0],[-0.917,-18.494],[0,0],[0,0],[18.935,-0.896],[0,0],[0,0],[0.918,18.494],[0,0],[0,0],[-18.935,0.896],[0,0]],"o":[[19.11,0],[0,0],[0,0],[0,18.665],[0,0],[0,0],[-19.11,0],[0,0],[0,0],[0,-18.665],[0,0],[0,0]],"v":[[23.606,-344],[59.959,-310.094],[60,-308.454],[60,60.454],[25.285,95.96],[23.606,96],[-23.607,96],[-59.96,62.094],[-60,60.454],[-60,-308.454],[-25.286,-343.96],[-23.607,-344]]},"ix":2}},{"ty":"sh","bm":0,"hd":false,"mn":"ADBE Vector Shape - Group","nm":"Path 2","ix":2,"d":1,"ks":{"a":0,"k":{"c":true,"i":[[-49.674,0],[0,-34.546],[42.719,0],[0,40.468]],"o":[[42.719,0],[0,40.468],[-49.674,0],[0,-34.546]],"v":[[3.477,192],[76,265.039],[3.477,344],[-76,265.039]]},"ix":2}},{"ty":"mm","bm":0,"hd":false,"mn":"ADBE Vector Filter - Merge","nm":"Merge Paths 1","mm":1},{"ty":"fl","bm":0,"hd":false,"mn":"ADBE Vector Graphic - Fill","nm":"Fill 1","c":{"a":0,"k":[1,1,1],"ix":4},"r":1,"o":{"a":0,"k":100,"ix":5}},{"ty":"tr","a":{"a":0,"k":[0,0],"ix":1},"s":{"a":0,"k":[100,100],"ix":3},"sk":{"a":0,"k":0,"ix":4},"p":{"a":1,"k":[{"o":{"x":0.333,"y":0},"i":{"x":0.833,"y":0.8},"s":[76,344],"t":34,"ti":[0,0],"to":[0,-16.138]},{"o":{"x":0.333,"y":0},"i":{"x":0.833,"y":0.833},"s":[76,247.169],"t":37,"ti":[0,-16.138],"to":[0,0]},{"s":[76,344],"t":38.9999966244321}],"ix":2},"r":{"a":0,"k":0,"ix":6},"sa":{"a":0,"k":0,"ix":5},"o":{"a":0,"k":100,"ix":7}}]}],"ind":1},{"ty":4,"nm":"Icon","sr":1,"st":0,"op":724.999937249057,"ip":0,"hd":false,"ddd":0,"bm":0,"hasMask":false,"ao":0,"ks":{"a":{"a":0,"k":[400,400,0],"ix":1},"s":{"a":0,"k":[104.688,104.688,100],"ix":6},"sk":{"a":0,"k":0},"p":{"a":0,"k":[400,400,0],"ix":2},"r":{"a":0,"k":0,"ix":10},"sa":{"a":0,"k":0},"o":{"a":0,"k":100,"ix":11}},"ef":[],"shapes":[{"ty":"gr","bm":0,"hd":false,"mn":"ADBE Vector Group","nm":"Group 2","ix":1,"cix":2,"np":2,"it":[{"ty":"sh","bm":0,"hd":false,"mn":"ADBE Vector Shape - Group","nm":"Path 1","ix":1,"d":1,"ks":{"a":0,"k":{"c":true,"i":[[-141.385,0],[0,-141.385],[141.385,0],[0,141.385]],"o":[[141.385,0],[0,141.385],[-141.385,0],[0,-141.385]],"v":[[0,-256],[256,0],[0,256],[-256,0]]},"ix":2}},{"ty":"fl","bm":0,"hd":false,"mn":"ADBE Vector Graphic - Fill","nm":"Fill 1","c":{"a":0,"k":[0.8706,0.1255,0.1255],"ix":4},"r":1,"o":{"a":0,"k":100,"ix":5}},{"ty":"tr","a":{"a":0,"k":[0,0],"ix":1},"s":{"a":0,"k":[100,100],"ix":3},"sk":{"a":0,"k":0,"ix":4},"p":{"a":0,"k":[400,400],"ix":2},"r":{"a":0,"k":0,"ix":6},"sa":{"a":0,"k":0,"ix":5},"o":{"a":0,"k":100,"ix":7}}]}],"ind":2},{"ty":4,"nm":"Circle-fade-1","sr":1,"st":0,"op":724.999937249057,"ip":0,"hd":false,"ddd":0,"bm":0,"hasMask":false,"ao":0,"ks":{"a":{"a":0,"k":[0,0,0],"ix":1},"s":{"a":1,"k":[{"o":{"x":0.333,"y":0},"i":{"x":0.833,"y":0.833},"s":[100,100,100],"t":0},{"s":[140,140,100],"t":47.9999958454548}],"ix":6},"sk":{"a":0,"k":0},"p":{"a":0,"k":[400,400,0],"ix":2},"r":{"a":0,"k":0,"ix":10},"sa":{"a":0,"k":0},"o":{"a":1,"k":[{"o":{"x":0.167,"y":0.167},"i":{"x":0.833,"y":0.833},"s":[100],"t":0},{"s":[0],"t":47.9999958454548}],"ix":11}},"ef":[],"shapes":[{"ty":"gr","bm":0,"hd":false,"mn":"ADBE Vector Group","nm":"Ellipse 1","ix":1,"cix":2,"np":3,"it":[{"ty":"el","bm":0,"hd":false,"mn":"ADBE Vector Shape - Ellipse","nm":"Ellipse Path 1","d":1,"p":{"a":0,"k":[0,0],"ix":3},"s":{"a":0,"k":[497.5,497.5],"ix":2}},{"ty":"st","bm":0,"hd":false,"mn":"ADBE Vector Graphic - Stroke","nm":"Stroke 1","lc":1,"lj":1,"ml":4,"o":{"a":0,"k":100,"ix":4},"w":{"a":0,"k":6,"ix":5},"c":{"a":0,"k":[0.8706,0.1255,0.1255],"ix":3}},{"ty":"tr","a":{"a":0,"k":[0,0],"ix":1},"s":{"a":0,"k":[103.83,103.83],"ix":3},"sk":{"a":0,"k":0,"ix":4},"p":{"a":0,"k":[-1.328,0.391],"ix":2},"r":{"a":0,"k":0,"ix":6},"sa":{"a":0,"k":0,"ix":5},"o":{"a":0,"k":100,"ix":7}}]}],"ind":3},{"ty":4,"nm":"Circle-fade-3","sr":1,"st":0,"op":724.999937249057,"ip":0,"hd":false,"ddd":0,"bm":0,"hasMask":false,"ao":0,"ks":{"a":{"a":0,"k":[0,0,0],"ix":1},"s":{"a":1,"k":[{"o":{"x":0.333,"y":0},"i":{"x":0.833,"y":0.833},"s":[100,100,100],"t":24},{"s":[135,135,100],"t":71.9999937681822}],"ix":6},"sk":{"a":0,"k":0},"p":{"a":0,"k":[400,400,0],"ix":2},"r":{"a":0,"k":0,"ix":10},"sa":{"a":0,"k":0},"o":{"a":1,"k":[{"o":{"x":0.167,"y":0.167},"i":{"x":0.833,"y":0.833},"s":[100],"t":24},{"s":[0],"t":71.9999937681822}],"ix":11}},"ef":[],"shapes":[{"ty":"gr","bm":0,"hd":false,"mn":"ADBE Vector Group","nm":"Ellipse 1","ix":1,"cix":2,"np":3,"it":[{"ty":"el","bm":0,"hd":false,"mn":"ADBE Vector Shape - Ellipse","nm":"Ellipse Path 1","d":1,"p":{"a":0,"k":[0,0],"ix":3},"s":{"a":0,"k":[497.5,497.5],"ix":2}},{"ty":"st","bm":0,"hd":false,"mn":"ADBE Vector Graphic - Stroke","nm":"Stroke 1","lc":1,"lj":1,"ml":4,"o":{"a":0,"k":100,"ix":4},"w":{"a":0,"k":6,"ix":5},"c":{"a":0,"k":[0.8706,0.1255,0.1255],"ix":3}},{"ty":"tr","a":{"a":0,"k":[0,0],"ix":1},"s":{"a":0,"k":[103.83,103.83],"ix":3},"sk":{"a":0,"k":0,"ix":4},"p":{"a":0,"k":[-1.328,0.391],"ix":2},"r":{"a":0,"k":0,"ix":6},"sa":{"a":0,"k":0,"ix":5},"o":{"a":0,"k":100,"ix":7}}]}],"ind":4}],"v":"5.5.7","fr":23.9759979248047,"op":70.9999938547353,"ip":5.99999948068185,"assets":[]}